{
  "train_losses": [
    0.6914458275538337,
    0.2518366783505564,
    0.24405823882678468,
    0.18776677865162,
    0.19500495759181338,
    0.2047532369363484,
    0.1513260869814924,
    0.17898963290493908,
    0.15525149833242508,
    0.2627503531731938,
    0.15122004515654655,
    0.21425257818690344,
    0.42268258783442986,
    0.1996411996776642,
    0.14646613513382403,
    0.213202003476249,
    0.15666055708352797,
    0.13507557397594214,
    0.1452844339315196,
    0.12193485682247815,
    0.1149217436866645,
    0.10714245555581227,
    0.11661435389234519,
    0.10095901994388336
  ],
  "val_losses": [
    0.6836907031582359,
    0.23659951241876206,
    0.3444845479753535,
    0.18978804291091741,
    0.16425220307256122,
    0.16432056764911876,
    0.18905920776161755,
    0.13801825738431434,
    0.20763433982707885,
    0.4281700237781858,
    0.22793781590732556,
    0.3189781425727194,
    1.2296097806524866,
    0.11234432536984167,
    0.17033457157741994,
    0.3521220649407906,
    0.23942274698470706,
    0.14688426189181422,
    0.19068660794346007,
    0.13500407846922524,
    0.1985113789836669,
    0.12678256957852913,
    0.1153919165179036,
    0.14196583621204817
  ],
  "train_accuracies": [
    0.5180163718754568,
    0.9032305218535301,
    0.9154363397164157,
    0.9302368074842859,
    0.9334527115918725,
    0.9287384885250695,
    0.9443794766846952,
    0.9396652536178921,
    0.9462066949276422,
    0.9234030112556644,
    0.9460239731033475,
    0.9496053208595234,
    0.9345490425376407,
    0.9310042391463237,
    0.9528212249671101,
    0.941529016225698,
    0.9534790235345709,
    0.9490206110217805,
    0.9551966086829411,
    0.9569141938313113,
    0.9626882034790235,
    0.9644423329922526,
    0.961189884519807,
    0.9676216927349802
  ],
  "val_accuracies": [
    0.6270963498849063,
    0.9043077934889839,
    0.8829332456428807,
    0.9171325221966459,
    0.932916803682999,
    0.9477145675764551,
    0.9299572509043078,
    0.9490299243669845,
    0.9276553765208813,
    0.8888523512002631,
    0.9148306478132193,
    0.9299572509043078,
    0.8911542255836896,
    0.963170009865176,
    0.9401512660309109,
    0.9033212758960868,
    0.9138441302203223,
    0.9618546530746465,
    0.9460703715882933,
    0.9529759947385729,
    0.9450838539953963,
    0.9582374219006906,
    0.9598816178888524,
    0.9585662610983229
  ],
  "train_aucs": [
    0.5324528073794488,
    0.962887435165359,
    0.970163002535061,
    0.978075910386721,
    0.9791562949432444,
    0.9813913913214478,
    0.9855621594024745,
    0.9847684748974048,
    0.9850449005074601,
    0.9745129044083919,
    0.9872740592464506,
    0.9847346386645064,
    0.9779293223627419,
    0.9869994810667796,
    0.9877366842373104,
    0.9874761289984684,
    0.9910089115808308,
    0.9912789688283358,
    0.988177522912488,
    0.9907524402954987,
    0.9924456398165604,
    0.9929138200861388,
    0.9924650676010696,
    0.9935141226535967
  ],
  "val_aucs": [
    0.567896093348582,
    0.9624583561235145,
    0.9678886347438383,
    0.9752767971093765,
    0.9801331775313675,
    0.9725626937165399,
    0.9837215951469345,
    0.9799156348930105,
    0.9811338736678104,
    0.965956648931762,
    0.978334825054282,
    0.9738130459284305,
    0.9653071287686672,
    0.9810251023486316,
    0.9788962922447085,
    0.9818072199293919,
    0.9848507450317404,
    0.9844581323653722,
    0.9790330333316758,
    0.9849812706147547,
    0.9827809822153714,
    0.9812353935657103,
    0.9802108713307808,
    0.9861891502162996
  ],
  "learned_einstein_radius": 0.29202836751937866
}