{"train_losses": [1.1015168825432107, 1.0878778598573473, 1.0715873322310272, 1.0545499081435028, 1.235498807589213, 1.0053923188315497, 0.98715936588358, 1.0460732384434452, 0.9514911589445891, 0.9278853434633325, 0.9132651745654918, 1.0049520147464894, 0.8410006256809941, 0.8493545967561227, 0.8178468888777274, 0.8422200004436352, 0.779933808379703, 0.8100916198271292, 0.7306232687632243, 0.7287464855335377, 0.8435043668746949, 0.7170717550736887, 0.7281814517798247, 0.7053581739708229, 0.7186297181623953, 0.7035486839965538, 0.6656106604470147, 0.7609851555471067, 0.6199309885236952, 0.6933975295314082, 0.7296030545852802, 0.6058369666028905, 0.6088679853368688, 0.5566804685062833, 0.5640381685539528, 0.6776661634356888, 0.7432579704567238, 0.6559297690568147, 0.5365620779284724, 0.5451952768431769, 0.5774972025994901, 0.5083572261421768, 0.49705263802740307, 0.5485995418937119, 0.5009396400363357, 0.46857632562849255, 0.4949819930438642, 0.5803133671901844, 0.5408262078850358, 0.44779843485796894, 0.4675522457935192, 0.45286691929675915, 0.5695469734933641, 0.49657635512175385, 0.4209817039260158, 0.5278152469882259, 0.458901877562205, 0.463106578235273, 0.4271588171676353, 0.4190089644149498, 0.6265410167022988, 0.397140767176946, 0.4643112756499538, 0.46776763343811034, 0.4219521420266893, 0.4278204860775559, 0.6662241624549583, 0.3809669498514246, 0.4189581603297481, 0.5164523687362671, 0.40470606641416196, 0.3970946900314755, 0.39893826632146484, 0.38082463688320584, 0.3364178575762996, 0.358175145789429, 0.30878389663607986, 0.3262212996880213, 0.3455607938060054, 0.30710369610786437, 0.36499591570430334, 0.31004274480431165, 0.31075802732397007, 0.3115776616379067, 0.3364673640109875, 0.30800313341617586, 0.3072402063254957, 0.30438604923089346, 0.3091798205861339, 0.3281689834992091, 0.3566272784162451, 0.2960928773526792, 0.2842376127574179, 0.2751031974068394, 0.28509135905460076, 0.27180455932352277, 0.28087090785415086, 0.271463530337369, 0.38441068978662846, 0.29481921149183205, 0.3629660539031029, 0.2805703641529436, 0.7896304311310803, 0.283353954354922, 0.23533489903476504, 0.24619315822146556, 0.25497606474602663, 0.24123642292287614, 0.22974133417231066, 0.2564110737796183, 0.22532821255260044, 0.23555017713264184, 0.23764981275907268, 0.2343391926818424, 0.23143997347796405, 0.2367138759802889, 0.23491876518726348, 0.21413662947548762, 0.2149059808143863, 0.2058422074229629, 0.212422530428127], "val_losses": [1.101653992652893, 1.0914037237167358, 1.0741615304946899, 1.0557617597579956, 1.248804141998291, 1.01372012646993, 0.9927667783101399, 1.047293244679769, 0.9787842070261638, 0.937104145526886, 0.9295366961161295, 1.0201073207855225, 0.8624410605430604, 0.8491360155741373, 0.822113536675771, 0.858964060306549, 0.7867132625579834, 0.8217797462145487, 0.7518090813954671, 0.7406948898633321, 0.8724625604947408, 0.7372878600756327, 0.7546186709403991, 0.7339501384099325, 0.733578754901886, 0.7212585495313009, 0.6871201043128967, 0.774905080318451, 0.6477447142601013, 0.7306625916163126, 0.7706475008328756, 0.6542320186297099, 0.6420554569562276, 0.5797193010648092, 0.5827923401196797, 0.6973274987538656, 0.7577997951507568, 0.6948637204170227, 0.590836087067922, 0.5691817780335744, 0.5942336452802023, 0.5374510368506114, 0.5254360388120015, 0.5748718638420105, 0.5413695946534475, 0.5039278151988983, 0.5225071746508281, 0.6321197034517924, 0.5883578646977743, 0.4780253308614095, 0.5117625589370728, 0.5068633979161581, 0.6041206480662028, 0.5236241154670715, 0.4530434157848358, 0.5671408557097117, 0.49697317139307656, 0.4811062480608622, 0.4732998952865601, 0.44968048270543415, 0.6339959279696147, 0.44317027378082274, 0.4961405225594838, 0.5237197845776875, 0.45770539637406665, 0.4589822607835134, 0.7065790446599325, 0.42600131273269654, 0.4605130202770233, 0.5683600284258524, 0.45664811261494953, 0.4260719760656357, 0.43672904682159425, 0.43579568950335185, 0.3786770957310994, 0.4270484302043915, 0.3573679807980855, 0.3714315237204234, 0.3713542625904083, 0.3576403208573659, 0.4239754780133565, 0.3515903113683065, 0.3522862917582194, 0.34114359601338706, 0.3628471794128418, 0.3568308330376943, 0.3395156392653783, 0.35944723641872406, 0.36951368721326194, 0.392253342072169, 0.39877239433924355, 0.34875433778762815, 0.3307136348883311, 0.3240322899023692, 0.33921824661890665, 0.3210489704608917, 0.3599964542388916, 0.3164993919531504, 0.44375068243344623, 0.33625631244977316, 0.428505747795105, 0.3200578585465749, 0.8385732008616129, 0.3486610491275787, 0.2932066840728124, 0.3091419746478399, 0.2982073293526967, 0.3034195544322332, 0.3043929795821508, 0.3128977755308151, 0.2748830520311991, 0.31579961490631103, 0.30797268625100455, 0.2915348252058029, 0.3013154807885488, 0.31898913089434305, 0.2941093342701594, 0.2949491089185079, 0.2910026270945867, 0.2891608573993047, 0.2768055297931035], "train_aucs": [0.4974031846133537, 0.5617030681720007, 0.5918915696025465, 0.6191531341214129, 0.6300179328532497, 0.67042671659707, 0.6847378189536463, 0.6857265600409915, 0.7218968961283604, 0.7365179713896352, 0.7568555745241721, 0.7458548695312328, 0.7843766788372578, 0.7854743848441846, 0.7993834338503737, 0.805285182609406, 0.8244524062228296, 0.8251271797721826, 0.8422238793476845, 0.8438916215105084, 0.8370063636511325, 0.8573161638801482, 0.8460120743950154, 0.859510776558167, 0.8605482418410858, 0.8665116279822039, 0.8732151008577618, 0.8420978348847475, 0.891950803886742, 0.8846449461189585, 0.8596838453260629, 0.9002933429934555, 0.8959907456430297, 0.9099421869723204, 0.9068433297637933, 0.8795864509113086, 0.8761717496399258, 0.8960875081728187, 0.9185926831877924, 0.9180496337433292, 0.9093257070941068, 0.9265003536448596, 0.9287969553934367, 0.9170218813019176, 0.9297130234396166, 0.9351734192324486, 0.9315615893277709, 0.9123670961742453, 0.9247747102927087, 0.9404337444698102, 0.9366884204121083, 0.9431261923323593, 0.9159195912702464, 0.9317275607702911, 0.9477348738742767, 0.9287643728779869, 0.9436810101447154, 0.9441804043279775, 0.9480092291865799, 0.949082016765353, 0.9075611051737861, 0.9537287008658651, 0.9439503697286296, 0.9394596736328333, 0.9523326024967297, 0.9473531759394839, 0.9101941160836874, 0.9574920433767816, 0.9509483121526294, 0.9356929643748955, 0.9574376755149765, 0.9551131496598483, 0.9542616437645837, 0.9577423264913948, 0.9662848198480148, 0.9624518943528647, 0.9712401062839885, 0.9701910588787487, 0.9683551991274464, 0.971444690183135, 0.9636283903926098, 0.9711819210672217, 0.97111972690141, 0.9714476283256572, 0.9671570619291486, 0.9726267990321743, 0.9717829558832584, 0.9731887342838815, 0.9717957198440738, 0.9689743587042182, 0.9666757904667294, 0.9732004139797747, 0.975662064532124, 0.9766442853322687, 0.9757654000388009, 0.977289938019763, 0.9756922028784109, 0.977096802133521, 0.9672162344565333, 0.9736168561354299, 0.9668283691646886, 0.976785255481167, 0.937106362130296, 0.9764492570229774, 0.9825785764350434, 0.9813100081895695, 0.9803475827412312, 0.9829683867479592, 0.9832020679914791, 0.9809311125398326, 0.9839072702167676, 0.9824949625639482, 0.9830220444549364, 0.9826611622156998, 0.9833759069114514, 0.9830922584656726, 0.9823910208260712, 0.9852049498357295, 0.9854641626144481, 0.9863993847571431, 0.9856154117634114],